Geo_Name,Geo_QName,Geo_SUMLEV,Geo_FIPS,Geo_state,Geo_county,SE_T001_001,SE_T002_001,SE_T003_002,SE_T003_001,SE_T003_003,SE_T004_001,SE_T004_002,SE_T004_003,SE_T009_001,SE_T009_002,SE_T009_003,SE_T009_004,SE_T011_001,SE_T011_002,SE_T011_003,SE_T011_004,SE_T011_005,SE_T011_006,SE_T011_007,SE_T011_008,SE_T011_009,SE_T011_010,SE_T011_011,SE_T011_012,SE_T011_013,SE_T011_014,SE_T011_015,SE_T011_016,SE_T011_017,SE_T023_001,SE_T023_002,SE_T023_003,SE_T023_004,SE_T023_005,SE_T023_006,SE_T023_007,SE_T023_008,SE_T023_009,SE_T023_010,SE_T023_011,SE_T027_001,SE_T027_002,SE_T027_003,SE_T027_004,SE_T027_005,SE_T027_006,SE_T027_007,SE_T031_001,SE_T031_002,SE_T031_003,SE_T043_001,SE_T043_002,SE_T043_003,SE_T043_004,SE_T043_005,SE_T043_006,SE_T043_007,SE_T043_008,SE_T043_009,SE_T043_010,SE_T043_011,SE_T043_012,SE_T043_013,SE_T047_001,SE_T047_002,SE_T047_003,SE_T047_004,SE_T047_005,SE_T047_006,SE_T047_007,SE_T047_008,SE_T050_001,SE_T051_001,SE_T051_002,SE_T051_003,SE_T051_004,SE_T051_005,SE_T056_001,SE_T056_002,SE_T056_003,SE_T064_001,SE_T064_002,SE_T064_003,SE_T064_004,SE_T064_005,SE_T064_006,SE_T064_007,SE_T064_008,SE_T064_009,SE_T064_010,SE_T064_011,SE_T064_012,SE_T064_013,SE_T064_014,SE_T064_015,SE_T064_016,SE_T064_017,SE_T064_018,SE_T064_019,SE_T064_020,SE_T064_021,SE_T064_022,SE_T064_023,SE_T064_024,SE_T064_025,SE_T064_026,SE_T064_027,SE_T064_028,SE_T064_029,SE_T064_030,SE_T064_031,SE_T064_032,SE_T064_033,SE_T064_034
"SLC1","Census Tract SLC1, St Louis County, Missouri","140","29189SLC00100","29","189",3426,19.842945098877,3426,172.655822153834,19.842945098877,3426,1811,1615,3426,3132,292,2,3426,312,299,384,342,230,254,272,278,201,223,176,126,97,97,57,78,1038,43,7,141,148,183,213,25,56,222,0,2524,1229,1171,1038,133,58,1295,1171,1038,133,1859,21,1357,129,273,955,307,176,131,174,44,130,0,1859,21,1357,481,305,174,130,0,875,875,838,37,34,3,838,492,346,157,6,0,2,1,0,1,0,0,1,5,2,61,2,1,35,9,5,1,0,0,1,1,14,0,0,0,3,3,0,3,0,0,0
"SLC2","Census Tract SLC2, St Louis County, Missouri","140","29189SLC00200","29","189",2841,19.637622833252,2841,144.671278398799,19.637622833252,2841,1494,1347,2841,2833,8,0,2841,169,187,273,287,247,239,224,248,182,178,173,165,104,74,48,43,964,37,8,283,132,127,138,26,69,142,2,2279,1012,1006,964,42,6,1267,1006,964,42,1678,11,1359,273,267,819,248,161,87,58,23,35,2,1678,11,1359,306,145,58,35,2,665,665,651,14,12,2,651,414,237,148,5,0,1,4,0,2,0,1,0,1,6,69,2,3,13,6,7,1,0,0,1,0,24,0,0,0,0,1,0,1,0,0,0
"SLC3","Census Tract SLC3, St Louis County, Missouri","140","29189SLC00300","29","189",1119,25.1073036193848,1119,44.5687046671171,25.1073036193848,1119,619,500,1119,1114,5,0,1119,67,111,124,113,104,55,71,72,90,85,66,48,31,41,20,21,442,4,3,170,9,44,43,21,11,134,3,844,450,450,442,8,0,394,450,442,8,600,0,554,84,149,321,31,18,13,15,7,8,0,600,0,554,46,28,15,8,0,284,284,268,16,10,6,268,157,111,45,0,0,0,1,0,1,0,0,0,1,0,27,1,0,2,0,0,1,0,0,0,1,9,1,0,0,0,0,0,0,0,0,0
"SLC4","Census Tract SLC4, St Louis County, Missouri","140","29189SLC00400","29","189",2126,9.85590934753418,2126,215.708152848615,9.85590934753418,2126,1076,1050,2126,2062,64,0,2126,200,241,239,174,137,148,181,172,131,112,90,98,63,61,40,39,648,12,6,140,70,101,168,24,27,98,2,1490,758,713,648,65,45,732,713,648,65,1135,14,904,92,180,632,177,108,69,37,19,18,3,1135,14,904,214,106,37,18,3,569,569,546,23,13,10,546,404,142,70,6,0,0,5,0,1,0,2,0,2,0,26,0,4,3,4,5,0,0,1,1,0,8,0,0,0,1,1,0,0,0,0,0
"SLC5","Census Tract SLC5, St Louis County, Missouri","140","29189SLC00500","29","189",1369,1.49097871780396,1369,918.188827011819,1.49097871780396,1369,672,697,1369,1363,6,0,1369,131,124,150,132,98,86,107,82,84,87,65,55,42,34,46,46,438,24,2,67,68,58,104,37,21,54,3,996,505,481,438,43,24,491,481,438,43,734,7,585,44,114,427,105,61,44,35,12,23,2,734,7,585,140,79,35,23,2,365,365,356,9,5,4,356,214,142,37,0,0,1,2,0,0,1,0,0,1,0,18,1,0,1,1,1,0,0,0,1,1,5,0,0,0,1,2,0,0,0,0,0
"SLC6","Census Tract SLC6, St Louis County, Missouri","140","29189SLC00600","29","189",2008,27.3552532196045,2008,73.4045480727242,27.3552532196045,2008,1145,863,2008,1565,443,0,2008,144,172,210,242,246,129,129,99,108,128,108,106,56,54,42,35,638,32,4,187,32,66,62,35,47,170,3,1521,752,683,638,45,69,769,683,638,45,994,24,783,128,217,438,120,70,50,63,21,42,4,994,24,783,183,113,63,42,4,476,476,447,29,19,10,447,290,157,65,1,0,0,8,0,0,0,1,1,1,2,25,0,0,3,0,0,0,0,0,1,0,14,2,0,4,0,0,0,1,0,1,0
"SLC7","Census Tract SLC7, St Louis County, Missouri","140","29189SLC00700","29","189",4643,23.4079971313477,4643,198.351015422082,23.4079971313477,4643,2406,2237,4643,4611,25,7,4643,377,512,532,420,295,359,403,396,324,261,202,165,151,100,73,73,1461,59,17,258,172,265,348,41,76,215,10,3322,1754,1649,1461,188,105,1568,1649,1461,188,2507,41,1798,217,350,1231,511,284,227,140,74,66,17,2507,41,1798,651,367,140,66,17,1218,1218,1150,68,46,22,1150,717,433,128,2,5,0,2,0,4,2,2,0,3,0,38,3,1,19,9,5,16,3,0,2,2,8,0,0,0,0,1,0,0,0,1,0
"SLC8","Census Tract SLC8, St Louis County, Missouri","140","29189SLC00800","29","189",169,0.116084851324558,169,1455.83164445374,0.116084851324558,169,81,88,169,95,74,0,169,12,13,14,17,14,11,16,9,15,14,8,8,6,5,2,5,49,1,1,7,7,10,10,3,7,3,0,131,75,58,49,9,17,56,58,49,9,99,3,73,6,21,46,14,5,9,9,3,6,0,99,3,73,23,18,9,6,0,49,49,49,0,0,0,49,23,26,4,0,0,0,0,0,0,0,0,0,0,1,3,0,0,0,0,0,0,0,0,0,0,0,0,0,0,0,0,0,0,0,0,0
"SLC9","Census Tract SLC9, St Louis County, Missouri","140","29189SLC00900","29","189",4762,2.25268840789795,4762,2113.91863308941,2.25268840789795,4762,2310,2452,4762,1154,3607,1,4762,493,508,453,434,318,346,314,370,343,308,239,192,134,135,96,79,1127,36,5,82,79,133,199,209,160,220,4,3397,1778,1454,1127,327,324,1619,1454,1127,327,2556,113,1925,557,537,831,403,287,116,109,67,42,6,2556,113,1925,512,225,109,42,6,1371,1371,1335,36,34,2,1335,889,446,26,0,0,0,3,1,1,1,1,0,2,0,10,0,1,2,0,1,0,0,0,0,0,0,0,0,0,0,2,0,1,0,0,0
"SLC10","Census Tract SLC10, St Louis County, Missouri","140","29189SLC01000","29","189",2326,1.8133772611618,2326,1282.68951520312,1.8133772611618,2326,1164,1162,2326,2305,21,0,2326,179,184,201,177,179,206,238,205,165,155,119,84,65,69,48,52,857,91,22,117,224,146,150,30,32,38,7,1794,890,878,857,21,12,904,878,857,21,1406,8,687,69,87,531,460,204,256,244,117,127,7,1406,8,687,704,500,244,127,7,641,641,627,14,14,0,627,453,174,87,9,1,1,8,0,0,0,0,0,0,1,42,2,2,4,4,1,1,0,0,0,1,2,0,0,0,1,3,0,1,1,1,1
"SLC11","Census Tract SLC11, St Louis County, Missouri","140","29189SLC01100","29","189",3398,1.48998379707336,3398,2280.56171260008,1.48998379707336,3398,1669,1729,3398,3381,17,0,3398,273,293,288,280,247,285,342,338,259,215,181,117,104,77,42,57,1252,144,34,170,318,235,206,59,48,34,4,2589,1368,1344,1252,92,24,1221,1344,1252,92,2017,3,933,44,121,768,699,313,386,380,165,215,2,2017,3,933,1079,766,380,215,2,959,959,913,46,42,4,913,613,300,132,17,2,2,5,0,0,1,0,1,1,1,63,4,0,7,3,0,4,0,0,0,0,3,0,0,0,0,14,0,1,0,0,3
"SLC12","Census Tract SLC12, St Louis County, Missouri","140","29189SLC01200","29","189",719,2.42693734169006,719,296.258163591197,2.42693734169006,719,364,355,719,719,0,0,719,57,57,62,76,55,59,88,53,61,53,34,23,14,11,6,10,263,15,1,33,54,51,61,10,5,30,3,550,286,278,263,15,8,264,278,263,15,412,2,265,20,34,211,106,52,54,37,21,16,2,412,2,265,143,91,37,16,2,198,198,192,6,6,0,192,126,66,23,0,2,1,0,0,0,0,0,0,0,1,6,0,0,3,1,0,0,0,0,0,5,1,0,0,0,2,1,0,0,0,0,0
"SLC13","Census Tract SLC13, St Louis County, Missouri","140","29189SLC01300","29","189",4409,3.19921278953552,4409,1378.15152978309,3.19921278953552,4409,2228,2181,4409,4405,4,0,4409,344,359,407,386,297,368,402,372,319,291,254,165,150,117,83,95,1579,73,19,156,384,308,418,43,64,112,2,3375,1771,1707,1579,128,64,1604,1707,1579,128,2616,30,1762,199,367,1196,620,367,253,140,68,72,64,2616,30,1762,760,393,140,72,64,1198,1198,1136,62,50,12,1136,795,341,214,10,2,2,3,1,1,1,2,0,5,3,94,1,2,15,8,4,5,0,0,1,0,39,3,3,2,0,7,0,0,0,0,0
"SLC14","Census Tract SLC14, St Louis County, Missouri","140","29189SLC01400","29","189",6062,1.44102191925049,6062,4206.73684349853,1.44102191925049,6062,3037,3025,6062,6061,1,0,6062,555,559,615,586,446,544,639,521,463,333,275,185,127,106,58,50,2085,49,17,123,436,511,677,25,124,121,2,4444,2409,2294,2085,209,115,2035,2294,2085,209,3301,18,2342,191,360,1791,782,462,320,152,93,59,7,3301,18,2342,934,472,152,59,7,1689,1689,1616,73,69,4,1616,1040,576,296,13,4,2,11,0,5,1,2,2,2,8,90,14,7,29,16,8,8,0,0,1,0,63,1,0,3,0,5,0,0,1,0,0
"SLC15","Census Tract SLC15, St Louis County, Missouri","140","29189SLC01500","29","189",6576,1.10760283470154,6576,5937.14623506901,1.10760283470154,6576,3202,3374,6576,6571,5,0,6576,562,534,599,523,462,577,705,618,507,429,289,248,179,133,99,112,2437,123,44,214,678,456,617,37,136,116,16,4997,2726,2664,2437,227,62,2271,2664,2437,227,3896,16,2498,200,352,1946,1049,561,488,306,166,140,27,3896,16,2498,1355,794,306,140,27,1805,1805,1750,55,53,2,1750,1139,611,250,11,13,3,21,0,1,1,1,0,3,6,105,7,5,9,2,3,14,0,0,0,5,29,0,0,2,0,5,0,1,0,0,3
"SLC16","Census Tract SLC16, St Louis County, Missouri","140","29189SLC01600","29","189",7973,0.932222068309784,7973,8552.68317607615,0.932222068309784,7973,3952,4021,7973,7966,6,1,7973,609,595,643,619,498,700,873,823,698,557,489,321,214,154,77,103,2999,136,39,317,853,665,689,42,116,110,32,6258,3305,3247,2999,248,58,2953,3247,2999,248,5009,14,3105,248,479,2378,1444,784,660,394,220,174,52,5009,14,3105,1838,1054,394,174,52,2398,2398,2307,91,87,4,2307,1623,684,264,19,4,1,17,1,6,3,1,2,5,9,103,10,0,14,12,3,8,0,0,3,2,30,0,1,1,1,6,0,2,0,0,0
"SLC17","Census Tract SLC17, St Louis County, Missouri","140","29189SLC01700","29","189",2987,1.07621073722839,2987,2775.47872054551,1.07621073722839,2987,1447,1540,2987,2983,4,0,2987,203,289,311,228,182,194,291,261,285,208,172,127,83,61,45,47,1060,189,34,248,322,102,71,47,30,17,0,2240,1111,1106,1060,46,5,1129,1106,1060,46,1774,5,657,36,88,533,654,272,382,448,175,273,10,1774,5,657,1102,830,448,273,10,1328,1328,747,581,579,2,747,500,247,98,5,3,0,10,3,1,0,0,0,0,1,37,1,2,1,3,0,5,0,0,4,1,14,0,0,0,1,6,0,0,0,0,0
"SLC18","Census Tract SLC18, St Louis County, Missouri","140","29189SLC01800","29","189",3991,2.83101367950439,3991,1409.74239329662,2.83101367950439,3991,1751,2240,3991,3887,87,17,3991,226,305,319,322,267,262,301,314,349,344,258,197,162,126,121,118,1443,162,54,223,331,185,218,54,144,66,6,3211,1602,1564,1443,121,38,1609,1564,1443,121,2552,18,1355,97,189,1069,746,339,407,335,137,198,98,2552,18,1355,1081,742,335,198,98,977,977,928,49,44,5,928,624,304,257,17,3,1,58,0,0,1,0,1,9,6,79,0,7,12,5,0,4,0,0,2,1,24,3,0,1,1,16,0,6,0,0,0
"SLC19","Census Tract SLC19, St Louis County, Missouri","140","29189SLC01900","29","189",2420,0.98146778345108,2420,2465.69478978789,0.98146778345108,2420,1233,1187,2420,2420,0,0,2420,200,199,204,170,171,179,280,248,187,160,144,92,73,45,38,30,897,26,15,63,225,215,261,14,40,36,2,1852,1017,988,897,91,29,835,988,897,91,1476,10,901,68,140,693,463,243,220,92,56,36,10,1476,10,901,555,312,92,36,10,726,726,697,29,29,0,697,475,222,82,5,4,0,8,1,3,0,0,0,1,2,30,1,0,6,0,0,2,0,0,0,4,8,0,1,1,2,0,0,0,0,0,3
"SLC20","Census Tract SLC20, St Louis County, Missouri","140","29189SLC02000","29","189",1941,0.768439292907715,1941,2525.89894597322,0.768439292907715,1941,996,945,1941,1940,1,0,1941,151,203,199,180,120,151,170,187,159,120,76,74,48,39,35,29,637,25,3,72,158,137,152,12,23,54,1,1429,730,704,637,67,26,699,704,637,67,1088,3,775,85,116,574,252,161,91,55,31,24,3,1088,3,775,307,146,55,24,3,519,519,508,11,10,1,508,352,156,54,5,1,0,2,0,0,1,0,1,0,2,24,0,1,5,0,1,2,0,0,0,1,7,0,0,0,0,1,0,0,0,0,0
"SLC21","Census Tract SLC21, St Louis County, Missouri","140","29189SLC02100","29","189",1881,0.37879267334938,1881,4965.77714496884,0.37879267334938,1881,951,930,1881,1881,0,0,1881,179,180,140,129,115,187,243,185,135,126,79,61,37,40,20,25,689,26,17,50,193,153,170,8,21,46,5,1407,740,725,689,36,15,667,725,689,36,1138,5,673,45,66,562,383,216,167,76,39,37,1,1138,5,673,459,243,76,37,1,551,551,532,19,19,0,532,401,131,63,6,2,0,3,0,2,1,0,0,2,1,20,3,0,5,0,3,1,0,0,0,1,6,0,0,0,0,5,0,1,0,0,1
"SLC22","Census Tract SLC22, St Louis County, Missouri","140","29189SLC02200","29","189",2174,0.852352917194366,2174,2550.58668322039,0.852352917194366,2174,1109,1065,2174,2174,0,0,2174,202,185,228,180,171,188,205,184,163,121,113,75,53,38,47,21,686,11,3,54,116,162,218,13,44,62,3,1601,800,748,686,62,52,801,748,686,62,1208,19,908,149,178,581,235,147,88,45,23,22,1,1208,19,908,280,133,45,22,1,654,654,608,46,35,11,608,411,197,62,1,3,1,4,0,2,1,1,0,1,0,21,1,0,6,2,1,1,0,0,0,0,6,0,1,0,0,7,2,0,0,0,0
"SLC23","Census Tract SLC23, St Louis County, Missouri","140","29189SLC02300","29","189",5649,1.8705290555954,5649,3020.00120399194,1.8705290555954,5649,2822,2827,5649,5612,37,0,5649,419,471,562,576,465,456,436,432,425,398,293,219,156,140,112,89,1963,103,24,161,480,404,484,66,121,107,13,4303,2252,2164,1963,201,88,2051,2164,1963,201,3156,11,2060,186,322,1552,832,469,363,238,130,108,15,3156,11,2060,1070,601,238,108,15,1542,1542,1466,76,63,13,1466,886,580,168,15,4,0,14,0,2,6,1,0,11,7,52,9,1,8,1,2,7,0,0,2,4,6,0,0,2,1,9,0,1,0,1,2
"SLC24","Census Tract SLC24, St Louis County, Missouri","140","29189SLC02400","29","189",1642,0.830326557159424,1642,1977.53520689178,0.830326557159424,1642,841,801,1642,1641,1,0,1642,177,174,182,128,122,146,173,134,109,90,65,55,28,27,21,11,504,9,5,35,96,126,149,17,23,43,1,1144,615,583,504,79,32,529,583,504,79,859,15,587,66,104,417,219,134,85,34,24,10,4,859,15,587,253,119,34,10,4,461,461,425,36,36,0,425,282,143,32,6,1,0,2,0,0,0,0,0,0,1,13,0,2,2,1,0,1,0,0,0,0,2,0,0,0,1,0,0,0,0,0,0
"SLC25","Census Tract SLC25, St Louis County, Missouri","140","29189SLC02500","29","189",2699,5.514732837677,2699,489.416274449464,5.514732837677,2699,1398,1301,2699,2546,153,0,2699,262,274,276,245,200,205,216,201,171,168,132,108,100,64,44,33,797,16,6,64,90,160,194,24,30,208,5,1945,1008,926,797,129,82,937,926,797,129,1442,24,1163,151,222,790,207,129,78,46,31,15,2,1442,24,1163,253,124,46,15,2,724,724,710,14,13,1,710,448,262,81,5,0,0,0,1,2,0,0,0,4,2,25,3,2,7,2,1,4,1,0,1,0,12,4,2,0,0,1,0,1,0,1,0
"SLC26","Census Tract SLC26, St Louis County, Missouri","140","29189SLC02600","29","189",4000,1.53767430782318,4000,2601.33110090304,1.53767430782318,4000,2014,1986,4000,3998,2,0,4000,333,365,371,331,262,326,408,431,357,310,156,125,94,63,45,23,1466,108,21,151,466,308,262,23,63,57,7,3009,1592,1560,1466,94,32,1417,1560,1466,94,2338,5,1330,71,180,1079,713,380,333,270,142,128,20,2338,5,1330,983,603,270,128,20,1135,1135,1090,45,43,2,1090,756,334,132,14,6,0,4,0,0,0,0,0,6,5,55,2,2,1,5,4,6,1,0,1,3,9,0,0,1,2,4,0,1,0,0,0
"SLC27","Census Tract SLC27, St Louis County, Missouri","140","29189SLC02700","29","189",3520,1.28254950046539,3520,2744.53344586132,1.28254950046539,3520,1726,1794,3520,3518,2,0,3520,265,331,340,289,236,255,289,295,260,274,183,164,126,97,58,58,1284,95,25,149,362,219,269,41,60,60,4,2654,1431,1399,1284,115,32,1223,1399,1284,115,2059,10,1170,71,178,921,650,340,310,223,107,116,6,2059,10,1170,873,533,223,116,6,966,966,934,32,30,2,934,620,314,115,3,5,0,14,2,2,1,1,0,3,5,32,3,2,13,0,0,3,0,0,0,0,15,0,3,0,1,6,0,1,0,0,0
"SLC28","Census Tract SLC28, St Louis County, Missouri","140","29189SLC02800","29","189",1995,1.34272015094757,1995,1485.78987110018,1.34272015094757,1995,985,1010,1995,1993,1,1,1995,150,169,157,182,149,181,169,172,175,150,117,61,57,48,27,31,754,28,10,62,198,165,193,22,38,34,4,1551,882,850,754,96,32,669,850,754,96,1188,14,721,70,96,555,356,240,116,83,51,32,14,1188,14,721,439,199,83,32,14,588,588,563,25,22,3,563,318,245,77,5,1,2,4,0,2,1,2,0,0,4,18,2,0,3,3,6,4,0,0,2,0,10,0,0,0,0,2,0,3,0,3,0
"SLC29","Census Tract SLC29, St Louis County, Missouri","140","29189SLC02900","29","189",2384,0.421943485736847,2384,5650.04575396343,0.421943485736847,2384,1204,1180,2384,2341,43,0,2384,189,182,197,234,185,210,235,223,193,136,127,85,74,52,29,33,895,22,13,68,194,207,284,21,49,35,2,1852,1032,992,895,97,40,820,992,895,97,1397,10,925,69,184,672,385,208,177,63,39,24,14,1397,10,925,448,240,63,24,14,671,671,660,11,11,0,660,385,275,110,7,4,2,9,0,1,4,2,2,3,0,33,3,2,5,0,17,4,0,0,0,0,4,0,0,2,1,3,0,0,0,2,0
"SLC30","Census Tract SLC30, St Louis County, Missouri","140","29189SLC03000","29","189",6151,0.575284540653229,6151,10692.1002831323,0.575284540653229,6151,3082,3069,6151,5811,340,0,6151,428,456,547,583,539,547,497,471,426,411,332,273,210,177,136,118,2262,36,20,111,436,457,751,80,188,170,13,4833,2656,2553,2262,291,103,2177,2553,2262,291,3598,63,2637,294,505,1838,725,413,312,122,74,48,51,3598,63,2637,847,434,122,48,51,1781,1781,1717,64,57,7,1717,718,999,226,22,11,2,25,0,1,0,1,1,14,6,64,6,0,18,3,3,11,0,0,2,1,18,1,4,1,0,5,0,0,1,4,1
"SLC31","Census Tract SLC31, St Louis County, Missouri","140","29189SLC03100","29","189",2881,0.303300112485886,2881,9498.84250416844,0.303300112485886,2881,1420,1461,2881,2732,148,1,2881,233,202,178,237,274,308,262,244,204,179,160,116,89,75,70,50,1163,32,12,44,238,205,377,45,91,113,6,2308,1363,1320,1163,157,43,945,1320,1163,157,1757,15,1162,132,202,828,483,286,197,91,57,34,6,1757,15,1162,574,288,91,34,6,876,876,846,30,28,2,846,296,550,103,2,5,3,24,0,0,2,0,0,0,4,16,2,4,4,1,2,10,0,0,1,4,14,0,0,1,1,3,0,0,0,0,0
"SLC32","Census Tract SLC32, St Louis County, Missouri","140","29189SLC03200","29","189",3210,0.267927885055542,3210,11980.8358108547,0.267927885055542,3210,1578,1632,3210,3207,2,1,3210,237,278,291,280,262,267,329,273,233,206,187,104,93,77,48,45,1167,49,14,111,295,199,280,25,119,72,3,2456,1350,1297,1167,130,53,1106,1297,1167,130,1862,7,1190,108,234,848,529,257,272,131,70,61,5,1862,7,1190,660,403,131,61,5,917,917,877,40,38,2,877,349,528,158,12,4,2,31,0,5,9,1,0,1,4,32,3,0,1,2,9,13,3,0,4,4,11,0,0,1,0,2,0,1,0,1,2
"SLC33","Census Tract SLC33, St Louis County, Missouri","140","29189SLC03300","29","189",10740,0.63249546289444,10740,16980.3589591795,0.63249546289444,10740,4811,5929,10740,10617,117,6,10740,527,508,700,870,985,905,940,838,875,866,772,587,432,391,264,280,4715,506,77,1068,1908,231,252,447,165,32,29,9138,4998,4968,4715,253,30,4140,4968,4715,253,7150,259,2589,234,341,2014,2704,1012,1692,1550,654,896,48,7150,259,2589,4254,3242,1550,896,48,3188,3188,2947,241,221,20,2947,654,2293,1957,66,9,7,24,0,6,1,6,1,4,6,102,161,13,77,68,2,1193,36,1,55,16,36,1,11,3,9,32,1,1,0,4,5
"SLC34","Census Tract SLC34, St Louis County, Missouri","140","29189SLC03400","29","189",8688,0.866888523101807,8688,10022.0498581681,0.866888523101807,8688,3872,4816,8688,8565,122,1,8688,418,551,678,781,648,563,625,808,892,798,593,437,320,260,171,145,3532,537,50,1053,1084,112,69,576,40,4,7,7174,3635,3630,3532,98,5,3539,3630,3532,98,5612,30,1426,57,135,1234,2380,729,1651,1764,748,1016,12,5612,30,1426,4144,3415,1764,1016,12,2480,2480,2321,159,143,16,2321,1310,1011,636,45,13,3,23,3,5,5,2,0,5,10,58,63,10,30,15,0,254,3,0,20,5,18,0,5,1,3,25,0,1,1,6,4
"SLC35","Census Tract SLC35, St Louis County, Missouri","140","29189SLC03500","29","189",4617,1.32498323917389,4617,3484.57238061264,1.32498323917389,4617,2216,2401,4617,4607,9,1,4617,310,372,417,333,268,310,474,480,442,348,266,175,133,140,72,77,1810,203,35,309,572,241,220,96,86,44,4,3596,1916,1902,1810,92,14,1680,1902,1810,92,2917,10,1237,73,176,988,1062,478,584,558,258,300,50,2917,10,1237,1620,1142,558,300,50,1347,1347,1277,70,66,4,1277,899,378,228,15,12,3,13,0,2,1,4,2,7,3,56,17,2,3,2,6,36,1,0,1,2,23,0,1,0,0,14,0,1,0,1,0
"SLC36","Census Tract SLC36, St Louis County, Missouri","140","29189SLC03600","29","189",1121,0.770857274532318,1121,1454.22510370693,0.770857274532318,1121,552,569,1121,1118,1,2,1121,116,113,114,63,74,104,132,119,83,55,43,31,25,22,16,11,402,30,5,30,87,71,84,11,35,49,0,808,450,433,402,31,17,358,433,402,31,641,5,406,24,46,336,176,101,75,53,20,33,1,641,5,406,229,128,53,33,1,301,301,287,14,11,3,287,174,113,82,3,9,0,5,2,9,5,0,1,1,3,23,0,2,3,0,0,1,0,0,4,0,7,0,0,0,1,3,0,0,0,0,0
"SLC37","Census Tract SLC37, St Louis County, Missouri","140","29189SLC03700","29","189",4647,1.97918319702148,4647,2347.93828433536,1.97918319702148,4647,2048,2599,4647,4600,47,0,4647,297,297,299,358,376,283,367,448,494,409,322,253,170,116,73,85,1860,332,20,540,494,65,75,279,27,25,3,3810,1915,1911,1860,51,4,1895,1911,1860,51,3020,11,738,44,61,633,1191,365,826,1068,406,662,12,3020,11,738,2259,1894,1068,662,12,1361,1361,1298,63,55,8,1298,955,343,178,7,3,1,4,3,1,2,0,1,2,1,41,11,8,5,6,0,46,1,0,4,2,10,0,1,1,1,12,0,1,0,3,0
"SLC38","Census Tract SLC38, St Louis County, Missouri","140","29189SLC03800","29","189",987,1.96826982498169,987,501.45563757204,1.96826982498169,987,488,499,987,967,20,0,987,69,68,82,83,72,73,95,97,86,85,45,44,28,24,14,22,405,31,4,89,75,26,50,46,26,57,1,787,436,431,405,26,5,351,431,405,26,613,12,343,36,62,245,146,65,81,112,55,57,0,613,12,343,258,193,112,57,0,293,293,271,22,18,4,271,162,109,37,4,0,1,1,1,0,0,0,0,0,1,17,6,1,0,0,0,3,1,0,0,0,1,0,0,0,0,0,0,0,0,0,0
"SLC39","Census Tract SLC39, St Louis County, Missouri","140","29189SLC03900","29","189",1291,3.40073347091675,1291,379.62398730765,3.40073347091675,1291,646,645,1291,803,488,0,1291,133,140,128,95,88,102,103,101,105,68,49,48,45,39,26,21,368,8,3,60,35,51,70,38,36,65,2,912,475,427,368,59,48,437,427,368,59,707,17,512,97,137,278,134,71,63,31,17,14,13,707,17,512,165,94,31,14,13,339,339,326,13,6,7,326,223,103,29,2,1,1,1,0,0,1,0,0,1,3,10,0,1,2,0,0,0,0,0,0,2,0,0,0,0,1,3,0,0,0,0,0
"SLC40","Census Tract SLC40, St Louis County, Missouri","140","29189SLC04000","29","189",1546,7.53039264678955,1546,205.301379690886,7.53039264678955,1546,789,757,1546,1538,8,0,1546,130,118,116,104,113,140,171,131,88,85,86,84,65,43,44,28,638,50,4,135,97,48,64,54,55,128,3,1208,699,693,638,55,6,509,693,638,55,965,8,670,87,109,474,171,69,102,112,53,59,4,965,8,670,283,214,112,59,4,418,418,402,16,12,4,402,266,136,90,1,1,0,1,0,0,1,0,0,1,1,49,4,0,4,7,0,1,0,0,2,0,6,0,3,0,0,3,0,3,0,2,0
"SLC41","Census Tract SLC41, St Louis County, Missouri","140","29189SLC04100","29","189",1931,10.7316875457764,1931,179.934422406845,10.7316875457764,1931,937,994,1931,1851,79,1,1931,128,163,179,161,150,163,158,146,129,133,115,101,81,56,32,36,737,64,11,172,87,54,61,122,55,109,2,1486,794,781,737,44,13,692,781,737,44,1150,9,668,100,131,437,277,113,164,190,87,103,6,1150,9,668,467,354,190,103,6,550,550,508,42,20,22,508,335,173,97,9,2,0,4,1,3,0,1,1,13,5,33,2,0,8,2,0,2,0,0,4,0,1,0,1,0,0,2,0,1,0,1,1
"SLC42","Census Tract SLC42, St Louis County, Missouri","140","29189SLC04200","29","189",1271,3.92592692375183,1271,323.745200734751,3.92592692375183,1271,557,714,1271,1200,71,0,1271,85,93,96,100,106,93,126,142,124,92,91,42,38,25,10,8,586,58,5,162,72,9,14,205,12,30,19,1008,597,594,586,8,3,411,594,586,8,791,2,260,21,27,212,278,71,207,251,100,151,0,791,2,260,529,458,251,151,0,307,307,287,20,15,5,287,211,76,55,8,0,0,3,1,3,0,6,0,0,1,19,2,0,2,1,0,2,0,0,0,1,0,0,0,0,0,5,0,0,0,1,0
"SLC43","Census Tract SLC43, St Louis County, Missouri","140","29189SLC04300","29","189",2710,3.46394729614258,2710,782.344466677606,3.46394729614258,2710,1171,1539,2710,2528,168,14,2710,179,202,193,188,228,237,259,275,262,225,155,126,76,46,26,33,1267,130,7,271,158,24,39,518,61,53,6,2173,1283,1280,1267,13,3,890,1280,1267,13,1720,4,544,31,95,418,543,163,380,626,263,363,3,1720,4,544,1169,1006,626,363,3,627,627,602,25,18,7,602,495,107,85,17,6,0,11,0,2,0,1,1,1,1,18,0,1,6,0,0,3,0,0,2,0,5,0,1,0,1,7,0,0,1,0,0
"SLC44","Census Tract SLC44, St Louis County, Missouri","140","29189SLC04400","29","189",2293,0.894845545291901,2293,2562.45338881585,0.894845545291901,2293,1035,1258,2293,2211,82,0,2293,110,81,129,157,197,246,215,223,194,215,161,114,83,71,48,49,1049,215,21,238,286,44,35,97,96,16,1,2004,1101,1092,1049,43,9,903,1092,1049,43,1619,2,446,28,45,373,619,211,408,549,212,337,3,1619,2,446,1168,957,549,337,3,741,741,678,63,58,5,678,278,400,81,10,6,1,4,0,1,1,1,3,1,1,23,1,1,4,0,0,8,1,0,1,1,1,1,0,1,0,8,0,1,0,0,0
"SLC45","Census Tract SLC45, St Louis County, Missouri","140","29189SLC04500","29","189",6578,1.00031900405884,6578,6575.90226048838,1.00031900405884,6578,2829,3749,6578,6308,269,1,6578,297,353,440,514,474,550,601,677,680,581,436,339,263,164,114,95,2832,411,31,912,636,61,36,623,95,20,7,5589,2911,2901,2832,69,10,2678,2901,2832,69,4500,11,1045,59,109,877,1705,522,1183,1734,702,1032,5,4500,11,1045,3439,2917,1734,1032,5,2080,2080,1915,165,156,9,1915,833,1082,335,48,4,1,16,1,6,3,1,3,4,2,51,19,3,19,3,1,75,4,0,12,0,15,0,4,6,0,27,0,2,1,1,3
"SLC46","Census Tract SLC46, St Louis County, Missouri","140","29189SLC04600","29","189",4198,0.572228968143463,4198,7336.22419294845,0.572228968143463,4198,1835,2363,4198,4144,53,1,4198,232,245,272,356,347,371,378,370,394,322,260,206,185,113,67,80,1843,293,18,468,534,58,51,342,57,3,19,3511,1890,1882,1843,39,8,1621,1882,1843,39,2746,55,749,19,38,692,1056,358,698,872,298,574,14,2746,55,749,1928,1570,872,574,14,1193,1193,1112,81,74,7,1112,406,706,483,31,3,2,9,1,1,0,0,3,0,5,66,24,0,19,12,2,235,6,0,13,13,5,0,4,4,5,14,0,1,0,3,2
"SLC47","Census Tract SLC47, St Louis County, Missouri","140","29189SLC04700","29","189",73,0.19207675755024,73,380.056394803031,0.19207675755024,73,39,34,73,62,11,0,73,0,0,0,2,11,16,9,4,3,12,3,4,5,2,2,0,69,11,0,5,16,2,0,0,35,0,0,73,70,70,69,1,0,3,70,69,1,60,1,24,4,4,16,6,4,2,29,8,21,0,60,1,24,35,31,29,21,0,1,1,1,0,0,0,1,0,0,4,0,3,0,0,0,0,0,0,0,0,0,0,0,0,1,0,0,0,0,0,0,0,0,0,0,0,0,0,0,0,0,0,0
"SLC48","Census Tract SLC48, St Louis County, Missouri","140","29189SLC04800","29","189",5616,0.578152298927307,5616,9713.7034833552,0.578152298927307,5616,2431,3185,5616,5604,11,1,5616,311,288,361,438,533,512,554,495,432,434,374,284,217,169,118,96,2578,444,60,338,879,266,193,55,269,57,17,4739,2726,2706,2578,128,20,2013,2706,2578,128,3685,7,1470,74,161,1235,1386,494,892,810,341,469,12,3685,7,1470,2196,1702,810,469,12,1625,1625,1545,80,79,1,1545,789,756,299,18,3,6,27,1,12,7,1,1,3,4,80,6,9,17,8,6,22,5,0,0,13,29,1,3,2,0,9,0,4,0,0,2
"SLC49","Census Tract SLC49, St Louis County, Missouri","140","29189SLC04900","29","189",5520,0.775668323040009,5520,7116.44376344512,0.775668323040009,5520,2649,2871,5520,4658,862,0,5520,446,420,435,390,390,477,590,592,481,403,273,206,156,111,85,65,2136,223,31,344,759,184,188,192,119,81,15,4302,2333,2283,2136,147,50,1969,2283,2136,147,3439,45,1288,147,207,934,1303,523,780,796,364,432,7,3439,45,1288,2099,1576,796,432,7,1604,1604,1540,64,61,3,1540,737,803,207,16,1,3,12,2,9,1,3,0,3,2,49,6,4,3,14,4,26,2,0,0,1,29,2,0,1,0,9,0,1,0,1,3
"SLC50","Census Tract SLC50, St Louis County, Missouri","140","29189SLC05000","29","189",1666,0.91987019777298,1666,1811.12509572917,0.91987019777298,1666,774,892,1666,1629,37,0,1666,117,103,118,120,125,173,181,173,166,141,89,65,31,26,13,25,707,102,11,184,185,37,27,144,9,3,5,1354,728,725,707,18,3,626,725,707,18,1083,4,300,10,24,266,425,154,271,351,146,205,3,1083,4,300,776,622,351,205,3,730,730,459,271,265,6,459,271,188,84,3,1,0,0,0,1,0,0,3,1,1,29,3,0,5,2,1,16,0,0,1,0,6,2,0,0,0,7,0,0,0,0,2
"SLC51","Census Tract SLC51, St Louis County, Missouri","140","29189SLC05100","29","189",4390,1.96767663955688,4390,2231.05764013574,1.96767663955688,4390,2130,2260,4390,4025,365,0,4390,407,378,369,321,298,373,480,480,353,266,217,162,110,76,45,55,1612,131,21,231,407,264,269,92,107,82,8,3294,1726,1685,1612,73,41,1568,1685,1612,73,2617,55,1344,98,174,1072,813,356,457,380,177,203,25,2617,55,1344,1193,837,380,203,25,1256,1256,1198,58,52,6,1198,784,414,173,11,2,1,13,0,1,5,0,0,4,4,46,0,1,14,9,0,7,0,2,3,1,39,0,1,0,0,9,0,0,0,0,0
"SLC52","Census Tract SLC52, St Louis County, Missouri","140","29189SLC05200","29","189",2461,0.441093683242798,2461,5579.31363221394,0.441093683242798,2461,1226,1235,2461,2332,129,0,2461,208,207,218,208,167,193,265,225,199,194,116,102,58,45,23,33,892,44,11,93,232,176,194,34,60,44,4,1884,1004,977,892,85,27,880,977,892,85,1453,2,891,66,136,689,436,255,181,110,61,49,14,1453,2,891,546,291,110,49,14,691,691,671,20,18,2,671,418,253,110,13,2,0,4,2,0,1,0,1,4,5,30,2,5,14,8,0,1,0,0,0,1,9,0,0,0,0,7,0,1,0,0,0
"SLC53","Census Tract SLC53, St Louis County, Missouri","140","29189SLC05300","29","189",4128,0.281424224376678,4128,14668.2468758439,0.281424224376678,4128,1939,2189,4128,4123,4,1,4128,201,215,303,363,340,368,355,353,358,328,269,230,167,134,82,62,1741,142,32,212,629,269,287,31,104,24,11,3472,1911,1876,1741,135,35,1561,1876,1741,135,2706,6,1323,75,167,1081,982,450,532,389,200,189,6,2706,6,1323,1371,921,389,189,6,1373,1373,1283,90,90,0,1283,475,808,160,14,7,2,7,0,5,6,1,0,4,2,46,6,2,9,11,2,14,1,0,1,6,4,0,0,0,0,9,0,1,0,0,0
"SLC54","Census Tract SLC54, St Louis County, Missouri","140","29189SLC05400","29","189",4814,0.423838585615158,4814,11358.097547945,0.423838585615158,4814,2276,2538,4814,4813,1,0,4814,254,279,367,374,463,378,389,371,332,341,327,260,216,201,132,130,1982,141,36,196,664,331,327,59,154,71,3,3989,2231,2174,1982,192,57,1758,2174,1982,192,3077,23,1698,133,247,1318,1011,481,530,342,187,155,3,3077,23,1698,1353,872,342,155,3,1373,1373,1331,42,37,5,1331,629,702,213,12,11,5,26,1,19,10,3,3,4,4,57,4,1,3,7,2,6,1,0,0,6,9,1,1,0,0,14,0,0,1,1,1
"SLC55","Census Tract SLC55, St Louis County, Missouri","140","29189SLC05500","29","189",1472,0.401012241840363,1472,3670.71088215303,0.401012241840363,1472,738,734,1472,1465,7,0,1472,95,102,129,129,133,95,114,120,108,111,91,85,50,43,28,39,541,28,11,54,170,87,115,21,20,33,2,1172,616,598,541,57,18,556,598,541,57,884,10,525,52,74,399,268,111,157,78,34,44,3,884,10,525,346,235,78,44,3,420,420,409,11,10,1,409,217,192,80,6,0,0,1,0,5,4,0,0,0,1,30,0,0,13,5,0,3,0,0,0,6,1,0,1,0,1,3,0,0,0,0,0
"SLC56","Census Tract SLC56, St Louis County, Missouri","140","29189SLC05600","29","189",2182,0.771721005439758,2182,2827.44668684586,0.771721005439758,2182,1059,1123,2182,2179,3,0,2182,172,188,204,163,119,165,246,223,172,138,103,103,70,36,36,44,818,88,13,65,303,159,115,16,36,20,3,1658,881,870,818,52,11,777,870,818,52,1336,4,647,37,79,531,490,244,246,193,94,99,2,1336,4,647,683,439,193,99,2,622,622,578,44,42,2,578,384,194,87,3,0,0,1,0,3,1,0,0,2,5,43,4,3,8,0,0,0,0,0,0,1,6,0,0,0,1,4,1,0,0,1,0
"SLC57","Census Tract SLC57, St Louis County, Missouri","140","29189SLC05700","29","189",5318,0.984365940093994,5318,5402.46242113192,0.984365940093994,5318,2580,2738,5318,5172,146,0,5318,291,347,446,497,387,325,392,445,437,437,391,308,208,163,111,133,1980,333,41,329,759,194,121,98,66,36,3,4341,2118,2083,1980,103,35,2223,2083,1980,103,3350,16,1071,60,101,910,1296,457,839,965,471,494,2,3350,16,1071,2261,1804,965,494,2,1493,1493,1443,50,48,2,1443,985,458,196,36,9,0,8,2,14,19,2,0,2,3,56,1,1,7,4,0,6,0,0,0,1,0,0,0,3,3,17,0,0,1,1,0
"SLC58","Census Tract SLC58, St Louis County, Missouri","140","29189SLC05800","29","189",2889,0.761158466339111,2889,3795.53027097631,0.761158466339111,2889,1273,1616,2889,2856,29,4,2889,115,171,264,304,233,151,161,210,262,272,196,175,136,103,62,74,1186,281,23,250,316,50,34,157,50,22,3,2404,1227,1217,1186,31,10,1177,1217,1186,31,1802,4,399,37,32,330,610,191,419,785,302,483,4,1802,4,399,1395,1204,785,483,4,735,735,708,27,24,3,708,501,207,100,18,2,0,4,0,3,11,0,3,1,1,29,2,0,7,1,0,6,0,0,0,1,2,0,0,0,0,6,0,0,2,0,1
"SLC59","Census Tract SLC59, St Louis County, Missouri","140","29189SLC05900","29","189",2998,0.802495777606964,2998,3735.84520150375,0.802495777606964,2998,1443,1555,2998,2114,884,0,2998,184,240,309,296,233,201,209,209,218,241,182,146,112,101,64,53,1089,130,15,150,260,86,82,190,98,72,6,2322,1213,1171,1089,82,42,1109,1171,1089,82,1736,25,736,106,139,491,561,237,324,413,168,245,1,1736,25,736,974,737,413,245,1,830,830,789,41,36,5,789,459,330,65,13,2,0,1,2,6,5,0,0,6,0,11,0,1,4,0,1,7,0,0,0,0,2,0,0,0,0,4,0,0,0,0,0
"SLC60","Census Tract SLC60, St Louis County, Missouri","140","29189SLC06000","29","189",3543,0.987538754940033,3543,3587.70729986708,0.987538754940033,3543,1627,1916,3543,3496,47,0,3543,178,181,268,347,278,189,252,269,346,392,284,181,138,88,81,71,1404,220,24,403,388,66,46,203,27,16,11,2981,1473,1464,1404,60,9,1508,1464,1404,60,2291,6,516,33,41,442,858,253,605,908,384,524,3,2291,6,516,1766,1513,908,524,3,988,988,960,28,23,5,960,773,187,112,11,10,0,0,0,3,2,3,0,3,7,30,2,1,7,4,0,1,0,0,1,1,2,0,2,1,2,16,0,1,0,0,2
"SLC61","Census Tract SLC61, St Louis County, Missouri","140","29189SLC06100","29","189",3646,1.30081677436829,3646,2802.85438490798,1.30081677436829,3646,1658,1988,3646,3637,9,0,3646,249,276,346,414,255,227,280,307,289,287,184,149,131,115,65,72,1296,200,20,243,357,123,145,87,72,46,3,2849,1399,1380,1296,84,19,1450,1380,1296,84,2106,13,837,58,119,660,714,296,418,540,232,308,2,2106,13,837,1254,958,540,308,2,928,928,901,27,24,3,901,592,309,146,10,2,3,12,2,5,4,6,3,5,2,42,2,2,10,8,1,0,0,0,1,0,8,0,0,0,1,11,0,2,4,0,0
"SLC62","Census Tract SLC62, St Louis County, Missouri","140","29189SLC06200","29","189",1013,0.318449437618256,1013,3181.03874692454,0.318449437618256,1013,486,527,1013,469,544,0,1013,81,99,102,104,76,93,71,86,74,69,46,36,26,27,13,10,292,7,0,16,49,40,59,44,43,33,1,742,367,314,292,22,53,375,314,292,22,551,4,371,82,62,227,141,64,77,35,19,16,0,551,4,371,176,112,35,16,0,269,269,261,8,8,0,261,142,119,13,0,0,0,1,0,1,2,0,0,0,0,2,1,0,1,0,0,3,0,0,0,0,1,0,0,0,0,0,0,0,0,1,0
"SLC63","Census Tract SLC63, St Louis County, Missouri","140","29189SLC06300","29","189",1821,0.93930596113205,1821,1938.66543528089,0.93930596113205,1821,920,901,1821,1821,0,0,1821,165,164,160,140,129,165,198,179,140,108,82,60,45,38,24,24,663,38,9,107,165,108,120,37,35,41,3,1365,730,710,663,47,20,635,710,663,47,1063,8,619,74,96,449,298,152,146,138,83,55,0,1063,8,619,436,284,138,55,0,513,513,491,22,22,0,491,313,178,70,5,0,0,0,0,3,0,1,0,0,5,29,0,2,12,2,0,1,1,0,0,0,6,0,0,0,1,1,0,0,1,0,0
"SLC64","Census Tract SLC64, St Louis County, Missouri","140","29189SLC06400","29","189",153,0.58664458990097,153,260.805268869568,0.58664458990097,153,71,82,153,153,0,0,153,19,9,10,8,9,12,22,14,14,10,14,2,4,1,3,2,59,7,3,15,18,5,2,4,2,3,0,118,63,63,59,4,0,55,63,59,4,98,0,42,2,5,35,32,11,21,24,8,16,0,98,0,42,56,45,24,16,0,56,56,43,13,13,0,43,38,5,5,1,0,0,0,0,0,0,0,0,0,0,3,0,0,0,0,0,0,0,0,0,0,1,0,0,0,0,0,0,0,0,0,0
"SLC65","Census Tract SLC65, St Louis County, Missouri","140","29189SLC06500","29","189",2526,1.2793710231781,2526,1974.40770053173,1.2793710231781,2526,1217,1309,2526,2490,36,0,2526,167,197,206,183,142,181,258,263,244,204,143,93,91,63,42,49,971,169,15,230,296,69,55,84,34,15,4,1994,1004,998,971,27,6,990,998,971,27,1631,7,482,24,36,422,613,175,438,528,241,287,1,1631,7,482,1141,966,528,287,1,774,774,724,50,49,1,724,572,152,99,13,2,1,6,0,0,3,2,3,2,4,38,0,3,7,1,2,4,0,0,1,0,1,0,0,0,0,4,0,0,0,1,1
"SLC66","Census Tract SLC66, St Louis County, Missouri","140","29189SLC06600","29","189",168,0.802730858325958,168,209.285588385568,0.802730858325958,168,73,95,168,157,6,5,168,9,12,13,15,18,21,12,16,11,14,10,6,2,3,4,2,87,3,0,17,7,0,6,41,8,5,0,139,87,87,87,0,0,52,87,87,0,101,0,43,2,7,34,32,10,22,26,16,10,0,101,0,43,58,48,26,10,0,35,35,34,1,1,0,34,19,15,13,0,0,0,0,0,0,0,0,0,1,0,10,0,0,1,0,0,1,0,0,0,0,0,0,0,0,0,0,0,0,0,0,0
"SLC67","Census Tract SLC67, St Louis County, Missouri","140","29189SLC06700","29","189",1572,1.27923727035522,1572,1228.85725457599,1.27923727035522,1572,749,823,1572,1558,14,0,1572,131,115,113,106,101,118,185,168,135,98,71,48,51,38,44,50,597,59,13,126,134,83,83,37,33,29,0,1234,645,634,597,37,11,589,634,597,37,1006,5,498,42,59,397,296,132,164,205,98,107,2,1006,5,498,501,369,205,107,2,468,468,438,30,26,4,438,311,127,61,4,0,0,7,0,6,0,2,0,1,0,25,1,1,2,0,1,1,0,0,1,0,5,0,0,0,0,3,0,0,0,1,0
"SLC68","Census Tract SLC68, St Louis County, Missouri","140","29189SLC06800","29","189",2477,0.678494155406952,2477,3650.73152106127,0.678494155406952,2477,1172,1305,2477,2378,99,0,2477,152,185,237,215,180,154,228,219,217,172,141,96,85,81,39,76,902,151,18,152,234,111,80,68,45,41,2,1952,995,966,902,64,29,957,966,902,64,1508,16,591,65,99,427,507,194,313,386,190,196,8,1508,16,591,893,699,386,196,8,715,715,682,33,32,1,682,390,292,68,6,1,0,2,0,2,3,0,0,0,4,26,3,2,6,3,0,5,0,0,0,0,0,0,0,0,0,5,0,0,0,0,0
"SLC69","Census Tract SLC69, St Louis County, Missouri","140","29189SLC06900","29","189",1797,0.722091317176819,1797,2488.60491360813,0.722091317176819,1797,829,968,1797,1775,22,0,1797,86,123,144,125,113,115,148,195,168,128,139,76,67,54,57,59,706,143,11,155,203,47,32,77,16,21,1,1478,736,733,706,27,3,742,733,706,27,1206,6,286,17,34,235,462,158,304,444,207,237,8,1206,6,286,906,748,444,237,8,515,515,495,20,17,3,495,317,178,69,10,1,2,4,0,2,2,2,1,0,0,32,1,0,2,1,0,1,0,0,0,0,1,0,0,1,0,6,0,0,0,0,0
"SLC70","Census Tract SLC70, St Louis County, Missouri","140","29189SLC07000","29","189",1837,0.762910127639771,1837,2407.88519308711,0.762910127639771,1837,897,940,1837,1545,292,0,1837,128,140,148,175,140,147,182,173,135,113,87,86,58,50,37,38,665,67,6,105,160,63,69,94,45,48,8,1442,761,728,665,63,33,681,728,665,63,1106,13,496,89,84,323,356,180,176,230,113,117,11,1106,13,496,586,406,230,117,11,553,553,536,17,14,3,536,289,247,26,1,1,0,1,0,2,0,1,0,0,2,5,0,2,2,2,2,3,0,0,0,0,0,0,0,1,0,0,0,1,0,0,0
"SLC71","Census Tract SLC71, St Louis County, Missouri","140","29189SLC07100","29","189",3461,1.54676413536072,3461,2237.57450853544,1.54676413536072,3461,1750,1711,3461,3115,346,0,3461,244,243,329,367,268,263,276,276,231,231,189,143,122,97,69,113,1228,125,30,125,322,174,161,101,119,65,6,2737,1402,1336,1228,108,66,1335,1336,1228,108,2010,37,1019,132,159,728,629,332,297,322,141,181,3,2010,37,1019,951,619,322,181,3,921,921,893,28,26,2,893,498,395,116,7,1,0,3,0,1,1,1,1,3,4,55,2,2,4,2,0,6,0,0,1,3,2,0,1,0,1,12,0,0,2,1,0
"SLC72","Census Tract SLC72, St Louis County, Missouri","140","29189SLC07200","29","189",988,1.5774998664856,988,626.307501503057,1.5774998664856,988,501,487,988,986,2,0,988,72,92,99,78,62,70,83,111,84,60,55,35,35,26,17,9,355,30,3,45,100,72,43,20,26,13,3,746,371,368,355,13,3,375,368,355,13,585,5,260,28,38,194,211,89,122,107,54,53,2,585,5,260,318,229,107,53,2,322,322,279,43,31,12,279,187,92,26,2,2,0,1,0,0,2,0,2,0,0,12,1,0,0,1,0,1,0,0,0,1,0,0,0,0,0,0,0,0,0,1,0
"SLC73","Census Tract SLC73, St Louis County, Missouri","140","29189SLC07300","29","189",1910,34.381908416748,1910,55.5524718653955,34.381908416748,1910,1018,892,1910,1820,88,2,1910,188,136,183,153,133,161,152,136,113,128,118,81,74,81,37,36,667,11,3,192,43,84,55,43,26,207,3,1436,780,733,667,66,47,656,733,667,66,1117,15,920,109,190,621,134,80,54,43,20,23,5,1117,15,920,177,97,43,23,5,524,524,501,23,15,8,501,254,247,52,2,1,0,0,1,2,0,0,0,2,3,15,2,0,5,1,0,1,0,0,0,1,11,0,0,0,0,1,0,4,0,0,0
"SLC74","Census Tract SLC74, St Louis County, Missouri","140","29189SLC07400","29","189",1863,28.2566967010498,1863,65.9312735565012,28.2566967010498,1863,925,938,1863,1806,57,0,1863,131,130,150,122,122,140,166,151,126,113,97,107,77,91,61,79,646,32,2,174,57,79,71,66,36,124,5,1483,699,680,646,34,19,784,680,646,34,1208,9,916,97,175,644,187,83,104,92,42,50,4,1208,9,916,279,196,92,50,4,540,540,520,20,10,10,520,318,202,53,1,0,0,1,0,0,1,0,0,2,3,32,2,2,2,3,0,1,2,0,0,0,0,0,0,0,0,1,0,0,0,0,0
"SLC75","Census Tract SLC75, St Louis County, Missouri","140","29189SLC07500","29","189",2439,24.3625411987305,2439,100.112709101426,24.3625411987305,2439,1263,1176,2439,2379,60,0,2439,188,186,214,214,160,171,190,180,151,169,137,115,119,75,62,108,791,33,7,196,107,116,110,40,63,117,2,1901,922,864,791,73,58,979,864,791,73,1477,21,1044,139,208,697,254,138,116,115,61,54,43,1477,21,1044,369,231,115,54,43,1143,1143,658,485,120,365,658,369,289,84,5,1,0,3,0,1,7,0,0,2,1,38,2,0,9,6,0,2,0,0,0,4,2,0,0,0,0,1,0,0,0,0,0
"SLC76","Census Tract SLC76, St Louis County, Missouri","140","29189SLC07600","29","189",2091,1.79388046264648,2091,1165.62950739492,1.79388046264648,2091,1082,1009,2091,2048,43,0,2091,219,226,206,179,176,186,175,131,120,99,91,87,66,53,40,37,597,39,1,46,73,106,138,24,50,120,0,1473,762,694,597,97,68,711,694,597,97,1085,34,821,158,185,478,162,96,66,66,38,28,2,1085,34,821,228,132,66,28,2,707,707,566,141,90,51,566,198,368,42,2,0,1,0,0,0,1,0,0,1,0,6,1,10,2,0,0,1,3,0,1,0,7,0,0,0,0,2,0,0,0,1,3
"SLC77","Census Tract SLC77, St Louis County, Missouri","140","29189SLC07700","29","189",3660,34.1042976379395,3660,107.317852983092,34.1042976379395,3660,1949,1711,3660,2816,844,0,3660,321,301,313,380,299,313,282,253,246,251,196,142,114,89,73,87,1249,65,7,255,137,159,158,121,97,238,12,2782,1442,1396,1249,147,46,1340,1396,1249,147,2046,45,1391,156,213,1022,396,145,251,180,68,112,34,2046,45,1391,576,431,180,112,34,1488,1488,976,512,236,276,976,563,413,103,5,0,0,2,0,4,0,1,2,2,2,38,1,10,6,6,4,1,0,1,3,3,6,0,0,1,1,3,0,0,0,0,1
"SLC78","Census Tract SLC78, St Louis County, Missouri","140","29189SLC07800","29","189",789,0.614755153656006,789,1283.43779683301,0.614755153656006,789,334,455,789,768,21,0,789,56,56,47,48,46,54,71,70,52,58,53,34,32,30,31,51,324,64,6,40,65,35,39,24,38,13,0,640,343,338,324,14,5,297,338,324,14,536,5,222,16,29,177,158,58,100,151,70,81,0,536,5,222,309,251,151,81,0,201,201,184,17,17,0,184,132,52,41,4,1,1,4,1,0,0,0,1,2,0,11,0,2,3,2,0,0,0,0,2,2,0,0,0,0,0,3,0,1,0,1,0
"SLC79","Census Tract SLC79, St Louis County, Missouri","140","29189SLC07900","29","189",1791,5.45001173019409,1791,328.623145905819,5.45001173019409,1791,905,886,1791,1769,22,0,1791,151,153,126,145,124,172,157,132,155,117,107,78,59,46,38,31,692,36,13,134,124,107,81,46,53,97,1,1389,740,726,692,34,14,649,726,692,34,1092,14,664,60,107,497,290,131,159,124,54,70,0,1092,14,664,414,283,124,70,0,521,521,475,46,38,8,475,317,158,85,6,4,0,0,0,0,1,0,2,3,0,37,2,0,12,10,0,2,1,0,1,0,3,0,0,0,0,1,0,0,0,0,0
"SLC80","Census Tract SLC80, St Louis County, Missouri","140","29189SLC08000","29","189",1103,2.35416722297668,1103,468.530862733418,2.35416722297668,1103,653,450,1103,1103,0,0,1103,82,93,69,71,166,160,96,117,84,41,34,36,27,13,9,5,361,36,2,55,66,56,51,5,31,59,0,874,379,373,361,12,6,495,373,361,12,622,1,343,25,55,263,133,70,63,145,16,129,0,622,1,343,278,208,145,129,0,256,256,232,24,24,0,232,155,77,59,1,1,0,2,0,0,0,0,0,2,1,37,1,1,3,0,4,0,0,0,1,2,1,0,0,0,0,0,0,2,0,0,0
"SLC81","Census Tract SLC81, St Louis County, Missouri","140","29189SLC08100","29","189",5066,1.70896065235138,5066,2964.37486318344,1.70896065235138,5066,2529,2537,5066,5065,1,0,5066,379,454,482,444,349,430,467,511,367,326,270,197,165,107,64,54,1797,30,21,146,365,411,553,29,95,137,10,3832,1987,1922,1797,125,65,1845,1922,1797,125,2958,43,2312,304,457,1551,501,321,180,94,55,39,8,2958,43,2312,595,274,94,39,8,1442,1442,1400,42,42,0,1400,931,469,524,6,0,0,0,0,1,1,0,1,10,3,109,2,33,105,69,122,2,14,0,34,3,6,0,0,0,0,1,0,1,0,1,0
"SLC82","Census Tract SLC82, St Louis County, Missouri","140","29189SLC08200","29","189",2494,2.28033232688904,2494,1093.70023421212,2.28033232688904,2494,1256,1238,2494,2494,0,0,2494,225,210,187,163,135,241,376,285,187,153,96,83,58,42,23,30,977,41,17,134,272,197,200,15,34,64,3,1903,1030,1022,977,45,8,873,1022,977,45,1574,4,1028,73,167,788,449,279,170,93,55,38,0,1574,4,1028,542,263,93,38,0,765,765,734,31,29,2,734,597,137,132,2,0,0,3,0,0,1,0,1,1,0,87,1,1,2,5,11,2,1,0,7,0,6,0,0,0,1,0,0,0,0,0,0
"SLC83","Census Tract SLC83, St Louis County, Missouri","140","29189SLC08300","29","189",1888,8.90001773834229,1888,212.134408661489,8.90001773834229,1888,973,915,1888,1885,2,1,1888,122,131,127,118,134,164,175,168,131,147,142,115,86,38,42,48,775,25,9,182,127,124,109,30,31,137,1,1530,812,803,775,28,9,718,803,775,28,1256,23,926,122,193,611,232,122,110,75,36,39,0,1256,23,926,307,185,75,39,0,580,580,552,28,24,4,552,377,175,131,3,0,1,0,0,0,0,0,3,4,0,60,0,2,10,9,4,0,0,0,3,1,27,0,0,0,0,2,0,1,0,0,1
"SLC84","Census Tract SLC84, St Louis County, Missouri","140","29189SLC08400","29","189",1910,16.261116027832,1910,117.458112759967,16.261116027832,1910,1004,906,1910,1909,1,0,1910,132,160,166,153,126,126,129,147,157,147,154,86,81,45,51,50,737,25,6,235,85,121,88,17,30,124,6,1483,795,783,737,46,12,688,783,737,46,1173,13,967,122,280,565,139,87,52,47,25,22,7,1173,13,967,186,99,47,22,7,787,787,551,236,165,71,551,392,159,101,1,0,0,0,0,0,0,2,8,3,3,56,1,2,9,7,2,1,0,0,0,2,3,0,0,0,0,1,0,0,0,0,0
"SLC85","Census Tract SLC85, St Louis County, Missouri","140","29189SLC08500","29","189",4439,24.1873722076416,4439,183.525517443254,24.1873722076416,4439,2279,2160,4439,4285,151,3,4439,270,274,273,323,314,403,473,397,356,360,270,228,183,150,84,81,1683,117,16,333,194,225,245,37,237,273,6,3674,1833,1795,1683,112,38,1841,1795,1683,112,2985,43,2137,318,461,1358,582,309,273,192,91,101,31,2985,43,2137,774,465,192,101,31,1277,1277,1091,186,134,52,1091,766,325,290,4,6,0,16,2,4,1,7,6,20,0,109,7,10,18,15,4,7,0,0,19,2,22,1,2,0,0,4,0,4,0,0,0
"SLC86","Census Tract SLC86, St Louis County, Missouri","140","29189SLC08600","29","189",3280,1.87515330314636,3280,1749.1903165978,1.87515330314636,3280,1691,1589,3280,3279,1,0,3280,274,255,286,252,237,339,361,293,232,217,180,108,101,63,48,34,1184,43,14,131,255,239,297,19,67,113,6,2521,1377,1339,1184,155,38,1144,1339,1184,155,1976,9,1548,102,309,1137,341,198,143,72,28,44,6,1976,9,1548,413,215,72,44,6,966,966,941,25,22,3,941,574,367,185,5,4,0,0,0,2,0,4,0,19,3,73,2,5,30,16,4,0,2,0,5,4,5,0,0,0,0,2,0,0,0,0,0
"SLC87","Census Tract SLC87, St Louis County, Missouri","140","29189SLC08700","29","189",9217,1.70657241344452,9217,5400.88420941749,1.70657241344452,9217,4497,4720,9217,9193,18,6,9217,787,843,908,857,725,724,806,833,642,573,419,302,252,216,169,161,2983,120,24,149,448,587,928,43,364,315,5,6855,3563,3386,2983,403,177,3292,3386,2983,403,5097,114,4112,475,920,2717,687,453,234,179,100,79,5,5097,114,4112,866,413,179,79,5,2435,2435,2368,67,65,2,2368,1244,1124,585,7,6,0,13,0,1,0,9,6,28,18,277,4,10,67,63,7,6,0,0,25,6,18,0,0,2,4,2,0,4,0,0,2
"SLC88","Census Tract SLC88, St Louis County, Missouri","140","29189SLC08800","29","189",765,2.61815547943115,765,292.19043941814,2.61815547943115,765,522,243,765,763,2,0,765,25,15,25,79,160,106,74,66,77,70,41,15,4,4,3,1,514,64,0,36,10,1,6,17,379,1,0,707,530,515,514,1,15,177,515,514,1,461,3,177,13,23,141,215,89,126,65,29,36,1,461,3,177,280,191,65,36,1,5,5,5,0,0,0,5,0,5,9,0,1,0,1,0,0,0,0,0,0,0,1,0,0,0,0,0,0,3,0,0,0,3,0,0,0,0,0,0,0,0,0,0
